Sample Name,Marker,Allele 1,Allele 2
D5-YH34,Yindel,,
D5-YH34,AMEL,X,
D5-YH34,D3S1358,14,18
D5-YH34,D13S317,9,11
D5-YH34,D7S820,8,12
D5-YH34,D16S539,11,12
D5-YH34,SE33,21,27.1
D5-YH34,D6S477,15,17
D5-YH34,D10S1248,13,
D5-YH34,D5S818,10,13
D5-YH34,D21S11,31,32.2
D5-YH34,TPOX,8,11
D5-YH34,D1S1656,15,
D5-YH34,D6S1043,13,14
D5-YH34,D15S659,13,14
D5-YH34,DXS6795,11,14
D5-YH34,D19S433,13,14
D5-YH34,D22S1045,11,15
D5-YH34,D8S1179,13,14
D5-YH34,Penta E,14,18
D5-YH34,DYS391,,
D5-YH34,D19S253,12,13
D5-YH34,D2S441,10,11
D5-YH34,D12S391,19,20
D5-YH34,D2S1338,20,24
D5-YH34,vWA,14,19
D5-YH34,Penta D,11,12
D5-YH34,D8S1132,17,21
D5-YH34,TH01,9,
D5-YH34,D18S51,14,
D5-YH34,CSF1PO,11,13
D5-YH34,FGA,19,20
D5-YH34,D3S3045,12,13
D5-YH34,D10S1435,8,12
D6-YH34,Yindel,,
D6-YH34,AMEL,X,
D6-YH34,D3S1358,14,18
D6-YH34,D13S317,9,11
D6-YH34,D7S820,8,12
D6-YH34,D16S539,11,12
D6-YH34,SE33,21,27.1
D6-YH34,D6S477,15,17
D6-YH34,D10S1248,13,
D6-YH34,D5S818,10,13
D6-YH34,D21S11,31,32.2
D6-YH34,TPOX,8,11
D6-YH34,D1S1656,15,
D6-YH34,D6S1043,13,14
D6-YH34,D15S659,13,14
D6-YH34,DXS6795,11,14
D6-YH34,D19S433,13,14
D6-YH34,D22S1045,11,15
D6-YH34,D8S1179,13,14
D6-YH34,Penta E,14,18
D6-YH34,DYS391,,
D6-YH34,D19S253,12,13
D6-YH34,D2S441,10,11
D6-YH34,D12S391,19,20
D6-YH34,D2S1338,20,24
D6-YH34,vWA,14,19
D6-YH34,Penta D,11,12
D6-YH34,D8S1132,17,21
D6-YH34,TH01,9,
D6-YH34,D18S51,14,
D6-YH34,CSF1PO,11,13
D6-YH34,FGA,19,20
D6-YH34,D3S3045,12,13
D6-YH34,D10S1435,8,12
F7-YH34,Yindel,1,
F7-YH34,AMEL,X,Y
F7-YH34,D3S1358,15,18
F7-YH34,D13S317,11,
F7-YH34,D7S820,10.1,12
F7-YH34,D16S539,9,11
F7-YH34,SE33,24.2,28.1
F7-YH34,D6S477,12,15
F7-YH34,D10S1248,13,
F7-YH34,D5S818,11,13
F7-YH34,D21S11,31,32.2
F7-YH34,TPOX,8,
F7-YH34,D1S1656,15,
F7-YH34,D6S1043,12,14
F7-YH34,D15S659,13,18
F7-YH34,DXS6795,14,
F7-YH34,D19S433,14,14.2
F7-YH34,D22S1045,11,17
F7-YH34,D8S1179,13,14
F7-YH34,Penta E,11,18
F7-YH34,DYS391,10,
F7-YH34,D19S253,13,
F7-YH34,D2S441,10,11.3
F7-YH34,D12S391,19,
F7-YH34,D2S1338,19,24
F7-YH34,vWA,17,19
F7-YH34,Penta D,11,12
F7-YH34,D8S1132,17,20
F7-YH34,TH01,9,
F7-YH34,D18S51,14,15
F7-YH34,CSF1PO,10,13
F7-YH34,FGA,20,23
F7-YH34,D3S3045,9,13
F7-YH34,D10S1435,8,14
M8-YH34,Yindel,,
M8-YH34,AMEL,X,
M8-YH34,D3S1358,14,16
M8-YH34,D13S317,8,9
M8-YH34,D7S820,8,11
M8-YH34,D16S539,10,12
M8-YH34,SE33,16,21
M8-YH34,D6S477,12,17
M8-YH34,D10S1248,12,13
M8-YH34,D5S818,10,12
M8-YH34,D21S11,32.2,33.2
M8-YH34,TPOX,8,11
M8-YH34,D1S1656,15,
M8-YH34,D6S1043,10,13
M8-YH34,D15S659,12,14
M8-YH34,DXS6795,11,13
M8-YH34,D19S433,13,14
M8-YH34,D22S1045,15,16
M8-YH34,D8S1179,14,
M8-YH34,Penta E,14,21
M8-YH34,DYS391,,
M8-YH34,D19S253,12,13
M8-YH34,D2S441,11,
M8-YH34,D12S391,18,20
M8-YH34,D2S1338,20,23
M8-YH34,vWA,14,
M8-YH34,Penta D,8,12
M8-YH34,D8S1132,21,22
M8-YH34,TH01,9,
M8-YH34,D18S51,14,15
M8-YH34,CSF1PO,10,11
M8-YH34,FGA,19,23
M8-YH34,D3S3045,9,12
M8-YH34,D10S1435,12,13